{"cameraMode":{"drawMode":0,"name":"Shaded","section":"Shading Mode"},"sceneLighting":true,"audioPlay":false,"sceneViewState":{"showFog":true,"showMaterialUpdate":false,"showSkybox":true,"showFlares":true,"showImageEffects":true,"showParticleSystems":true,"showVisualEffectGraphs":true,"m_FxEnabled":true},"in2DMode":false,"pivot":{"x":-17.627904891967775,"y":0.7498607635498047,"z":18.546674728393556},"rotation":{"x":0.2266402244567871,"y":-0.4145190119743347,"z":0.10739094763994217,"w":0.8748091459274292},"size":24.376564025878908,"orthographic":false}