{"cameraMode":{"drawMode":0,"name":"Shaded","section":"Shading Mode"},"sceneLighting":true,"audioPlay":false,"sceneViewState":{"showFog":true,"showMaterialUpdate":false,"showSkybox":true,"showFlares":true,"showImageEffects":true,"showParticleSystems":true,"showVisualEffectGraphs":true,"m_FxEnabled":true},"in2DMode":false,"pivot":{"x":-2.8571059703826906,"y":0.7441154718399048,"z":0.19022656977176667},"rotation":{"x":0.03066481649875641,"y":0.3688620626926422,"z":-0.012176880612969399,"w":0.9289000034332275},"size":1.524745225906372,"orthographic":false}