{"cameraMode":{"drawMode":0,"name":"Shaded","section":"Shading Mode"},"sceneLighting":true,"audioPlay":false,"sceneViewState":{"showFog":true,"showMaterialUpdate":false,"showSkybox":true,"showFlares":true,"showImageEffects":true,"showParticleSystems":true,"showVisualEffectGraphs":true,"m_FxEnabled":true},"in2DMode":false,"pivot":{"x":-0.4426566958427429,"y":-2.399988889694214,"z":29.9659366607666},"rotation":{"x":0.05696949362754822,"y":-0.004491059575229883,"z":0.00033978349529206753,"w":0.9983940720558167},"size":17.527740478515626,"orthographic":false}