{"cameraMode":{"drawMode":0,"name":"Shaded","section":"Shading Mode"},"sceneLighting":true,"audioPlay":false,"sceneViewState":{"showFog":true,"showMaterialUpdate":false,"showSkybox":true,"showFlares":true,"showImageEffects":true,"showParticleSystems":true,"showVisualEffectGraphs":true,"m_FxEnabled":true},"in2DMode":false,"pivot":{"x":-0.9571425914764404,"y":1.4851654767990113,"z":1.5179363489151},"rotation":{"x":0.029994219541549684,"y":-0.009597353637218476,"z":0.00028825068147853017,"w":0.9995055198669434},"size":2.767496109008789,"orthographic":false}