{"cameraMode":{"drawMode":0,"name":"Shaded","section":"Shading Mode"},"sceneLighting":true,"audioPlay":false,"sceneViewState":{"showFog":true,"showMaterialUpdate":false,"showSkybox":true,"showFlares":true,"showImageEffects":true,"showParticleSystems":true,"showVisualEffectGraphs":true,"m_FxEnabled":true},"in2DMode":false,"pivot":{"x":-0.7380318641662598,"y":4.480983257293701,"z":0.4553336203098297},"rotation":{"x":0.05696949362754822,"y":-0.004491059575229883,"z":0.00033978349529206753,"w":0.9983940720558167},"size":1.9345872402191163,"orthographic":false}