{"cameraMode":{"drawMode":0,"name":"Shaded","section":"Shading Mode"},"sceneLighting":true,"audioPlay":false,"sceneViewState":{"showFog":true,"showMaterialUpdate":false,"showSkybox":true,"showFlares":true,"showImageEffects":true,"showParticleSystems":true,"showVisualEffectGraphs":true,"m_FxEnabled":true},"in2DMode":false,"pivot":{"x":-0.48605993390083315,"y":1.3874115943908692,"z":4.184252738952637},"rotation":{"x":0.041985295712947848,"y":-0.010490657761693,"z":0.00044079445069655776,"w":0.9990640878677368},"size":5.832603454589844,"orthographic":false}